pr,pr_number,pr_label,attempt,status,success_rate,reward,passed,failed,skipped,missing,total_cases,job,trial,source_folder,container,timestamp_utc
PR #145,145,PR #145,1,errored,,,,,,,,tracebench-filtered-01a107ee-6459-7b21-906b-ee3beb41371e,peasant-pr-0145__Vyki52P,david,/home/minttea/codebases/dayvidpham/TraceBench/out/david/tracebench-results-2026-10-04/tracebench-filtered-01a107ee-6459-7b21-906b-ee3beb41371e/peasant-pr-0145__Vyki52P,2026-10-04T18:25:44+00:00
peasant-labs/peasant#146,146,PR #146,1,scored,0.994939,0.9949385394070861,2752,8,6,0,2766,tracebench-filtered-01a107ee-6459-7b21-906b-ee3beb41371e,peasant-pr-0146__RzFBMvn,david,/home/minttea/codebases/dayvidpham/TraceBench/out/david/tracebench-results-2026-10-04/tracebench-filtered-01a107ee-6459-7b21-906b-ee3beb41371e/peasant-pr-0146__RzFBMvn,2026-10-04T18:34:34+00:00
peasant-labs/peasant#150,150,PR #150,1,scored,0.996756,0.9967555875991349,2765,3,6,0,2774,tracebench-filtered-01a107ee-6459-7b21-906b-ee3beb41371e,peasant-pr-0150__RDFcRT4,david,/home/minttea/codebases/dayvidpham/TraceBench/out/david/tracebench-results-2026-10-04/tracebench-filtered-01a107ee-6459-7b21-906b-ee3beb41371e/peasant-pr-0150__RDFcRT4,2026-10-04T18:28:59+00:00
peasant-labs/peasant#176,176,PR #176,1,scored,0.996116,0.9961158192090396,2821,5,6,0,2832,tracebench-filtered-01a107ee-6459-7b21-906b-ee3beb41371e,peasant-pr-0176__ddVES6S,david,/home/minttea/codebases/dayvidpham/TraceBench/out/david/tracebench-results-2026-10-04/tracebench-filtered-01a107ee-6459-7b21-906b-ee3beb41371e/peasant-pr-0176__ddVES6S,2026-10-04T18:33:14+00:00
peasant-labs/peasant#310,310,PR #310,1,scored,0.781972,0.7819720143182558,2403,667,3,0,3073,tracebench-filtered-01a107ee-6459-7b21-906b-ee3beb41371e,peasant-pr-0310__THYRTEc,david,/home/minttea/codebases/dayvidpham/TraceBench/out/david/tracebench-results-2026-10-04/tracebench-filtered-01a107ee-6459-7b21-906b-ee3beb41371e/peasant-pr-0310__THYRTEc,2026-10-04T18:08:57+00:00
peasant-labs/peasant#316,316,PR #316,1,scored,0.587055,0.5870550161812298,1814,1274,2,0,3090,tracebench-filtered-01a107ee-6459-7b21-906b-ee3beb41371e,peasant-pr-0316__HKaKfxs,david,/home/minttea/codebases/dayvidpham/TraceBench/out/david/tracebench-results-2026-10-04/tracebench-filtered-01a107ee-6459-7b21-906b-ee3beb41371e/peasant-pr-0316__HKaKfxs,2026-10-04T17:52:35+00:00
PR #316,316,PR #316,2,errored,,,,,,,,tracebench-filtered-01a107ee-6459-7b21-906b-ee3beb41371e,peasant-pr-0316__jLGUh34,david,/home/minttea/codebases/dayvidpham/TraceBench/out/david/tracebench-results-2026-10-04/tracebench-filtered-01a107ee-6459-7b21-906b-ee3beb41371e/peasant-pr-0316__jLGUh34,2026-10-04T18:36:26+00:00
peasant-labs/peasant#331,331,PR #331,1,scored,0.512632,0.5126319155740326,1603,1522,2,0,3127,tracebench-filtered-01a107ee-6459-7b21-906b-ee3beb41371e,peasant-pr-0331__8Z9FxTo,david,/home/minttea/codebases/dayvidpham/TraceBench/out/david/tracebench-results-2026-10-04/tracebench-filtered-01a107ee-6459-7b21-906b-ee3beb41371e/peasant-pr-0331__8Z9FxTo,2026-10-04T17:50:56+00:00
peasant-labs/peasant#334,334,PR #334,1,scored,0.997756,0.997755690926579,3112,1,6,0,3119,tracebench-filtered-01a107ee-6459-7b21-906b-ee3beb41371e,peasant-pr-0334__FEHQ2GW,david,/home/minttea/codebases/dayvidpham/TraceBench/out/david/tracebench-results-2026-10-04/tracebench-filtered-01a107ee-6459-7b21-906b-ee3beb41371e/peasant-pr-0334__FEHQ2GW,2026-10-04T18:22:05+00:00
peasant-labs/peasant#344,344,PR #344,1,scored,0.99745,0.9974497927956647,3129,1,7,0,3137,tracebench-fast-344,peasant-pr-0344__Vz9Barv,david,/home/minttea/codebases/dayvidpham/TraceBench/out/david/tracebench-results-2026-10-04/tracebench-fast-344/peasant-pr-0344__Vz9Barv,2026-10-04T18:26:28+00:00
PR #344,344,PR #344,2,errored,,,,,,,,tracebench-filtered-01a107ee-6459-7b21-906b-ee3beb41371e,peasant-pr-0344__Qm66CDq,david,/home/minttea/codebases/dayvidpham/TraceBench/out/david/tracebench-results-2026-10-04/tracebench-filtered-01a107ee-6459-7b21-906b-ee3beb41371e/peasant-pr-0344__Qm66CDq,2026-10-04T18:35:22+00:00
PR #347,347,PR #347,1,errored,,,,,,,,tracebench-filtered-01a107ee-6459-7b21-906b-ee3beb41371e,peasant-pr-0347__d3GRGMb,david,/home/minttea/codebases/dayvidpham/TraceBench/out/david/tracebench-results-2026-10-04/tracebench-filtered-01a107ee-6459-7b21-906b-ee3beb41371e/peasant-pr-0347__d3GRGMb,2026-10-04T18:30:51+00:00
peasant-labs/peasant#528,528,PR #528,1,scored,0.436026,0.4360264900662252,1646,2128,1,0,3775,tracebench-filtered-01a107ee-6459-7b21-906b-ee3beb41371e,peasant-pr-0528__58Zx5G6,david,/home/minttea/codebases/dayvidpham/TraceBench/out/david/tracebench-results-2026-10-04/tracebench-filtered-01a107ee-6459-7b21-906b-ee3beb41371e/peasant-pr-0528__58Zx5G6,2026-10-04T18:00:28+00:00
